[
{
    "model": "auth.permission",
    "pk": 1,
    "fields": {
        "name": "Can add log entry",
        "content_type": 1,
        "codename": "add_logentry"
    }
},
{
    "model": "auth.permission",
    "pk": 2,
    "fields": {
        "name": "Can change log entry",
        "content_type": 1,
        "codename": "change_logentry"
    }
},
{
    "model": "auth.permission",
    "pk": 3,
    "fields": {
        "name": "Can delete log entry",
        "content_type": 1,
        "codename": "delete_logentry"
    }
},
{
    "model": "auth.permission",
    "pk": 4,
    "fields": {
        "name": "Can add permission",
        "content_type": 2,
        "codename": "add_permission"
    }
},
{
    "model": "auth.permission",
    "pk": 5,
    "fields": {
        "name": "Can change permission",
        "content_type": 2,
        "codename": "change_permission"
    }
},
{
    "model": "auth.permission",
    "pk": 6,
    "fields": {
        "name": "Can delete permission",
        "content_type": 2,
        "codename": "delete_permission"
    }
},
{
    "model": "auth.permission",
    "pk": 7,
    "fields": {
        "name": "Can add group",
        "content_type": 3,
        "codename": "add_group"
    }
},
{
    "model": "auth.permission",
    "pk": 8,
    "fields": {
        "name": "Can change group",
        "content_type": 3,
        "codename": "change_group"
    }
},
{
    "model": "auth.permission",
    "pk": 9,
    "fields": {
        "name": "Can delete group",
        "content_type": 3,
        "codename": "delete_group"
    }
},
{
    "model": "auth.permission",
    "pk": 10,
    "fields": {
        "name": "Can add user",
        "content_type": 4,
        "codename": "add_user"
    }
},
{
    "model": "auth.permission",
    "pk": 11,
    "fields": {
        "name": "Can change user",
        "content_type": 4,
        "codename": "change_user"
    }
},
{
    "model": "auth.permission",
    "pk": 12,
    "fields": {
        "name": "Can delete user",
        "content_type": 4,
        "codename": "delete_user"
    }
},
{
    "model": "auth.permission",
    "pk": 13,
    "fields": {
        "name": "Can add content type",
        "content_type": 5,
        "codename": "add_contenttype"
    }
},
{
    "model": "auth.permission",
    "pk": 14,
    "fields": {
        "name": "Can change content type",
        "content_type": 5,
        "codename": "change_contenttype"
    }
},
{
    "model": "auth.permission",
    "pk": 15,
    "fields": {
        "name": "Can delete content type",
        "content_type": 5,
        "codename": "delete_contenttype"
    }
},
{
    "model": "auth.permission",
    "pk": 16,
    "fields": {
        "name": "Can add session",
        "content_type": 6,
        "codename": "add_session"
    }
},
{
    "model": "auth.permission",
    "pk": 17,
    "fields": {
        "name": "Can change session",
        "content_type": 6,
        "codename": "change_session"
    }
},
{
    "model": "auth.permission",
    "pk": 18,
    "fields": {
        "name": "Can delete session",
        "content_type": 6,
        "codename": "delete_session"
    }
},
{
    "model": "auth.permission",
    "pk": 19,
    "fields": {
        "name": "Can add \u0421\u0442\u0443\u0434\u0435\u043d\u0442",
        "content_type": 7,
        "codename": "add_student"
    }
},
{
    "model": "auth.permission",
    "pk": 20,
    "fields": {
        "name": "Can change \u0421\u0442\u0443\u0434\u0435\u043d\u0442",
        "content_type": 7,
        "codename": "change_student"
    }
},
{
    "model": "auth.permission",
    "pk": 21,
    "fields": {
        "name": "Can delete \u0421\u0442\u0443\u0434\u0435\u043d\u0442",
        "content_type": 7,
        "codename": "delete_student"
    }
},
{
    "model": "auth.permission",
    "pk": 22,
    "fields": {
        "name": "Can add \u0413\u0440\u0443\u043f\u0430",
        "content_type": 8,
        "codename": "add_group"
    }
},
{
    "model": "auth.permission",
    "pk": 23,
    "fields": {
        "name": "Can change \u0413\u0440\u0443\u043f\u0430",
        "content_type": 8,
        "codename": "change_group"
    }
},
{
    "model": "auth.permission",
    "pk": 24,
    "fields": {
        "name": "Can delete \u0413\u0440\u0443\u043f\u0430",
        "content_type": 8,
        "codename": "delete_group"
    }
},
{
    "model": "auth.permission",
    "pk": 25,
    "fields": {
        "name": "Can add \u0406\u0441\u043f\u0438\u0442",
        "content_type": 9,
        "codename": "add_exam"
    }
},
{
    "model": "auth.permission",
    "pk": 26,
    "fields": {
        "name": "Can change \u0406\u0441\u043f\u0438\u0442",
        "content_type": 9,
        "codename": "change_exam"
    }
},
{
    "model": "auth.permission",
    "pk": 27,
    "fields": {
        "name": "Can delete \u0406\u0441\u043f\u0438\u0442",
        "content_type": 9,
        "codename": "delete_exam"
    }
},
{
    "model": "auth.permission",
    "pk": 28,
    "fields": {
        "name": "Can add \u041e\u0446\u0456\u043d\u043a\u0430",
        "content_type": 10,
        "codename": "add_rating"
    }
},
{
    "model": "auth.permission",
    "pk": 29,
    "fields": {
        "name": "Can change \u041e\u0446\u0456\u043d\u043a\u0430",
        "content_type": 10,
        "codename": "change_rating"
    }
},
{
    "model": "auth.permission",
    "pk": 30,
    "fields": {
        "name": "Can delete \u041e\u0446\u0456\u043d\u043a\u0430",
        "content_type": 10,
        "codename": "delete_rating"
    }
},
{
    "model": "auth.user",
    "pk": 1,
    "fields": {
        "password": "pbkdf2_sha256$36000$wAMRHwcjdr0C$N3Ap9z/yuOATijCJx3ImFHdk+obnqHobrUt5kZNedtc=",
        "last_login": "2017-08-12T21:17:45.188Z",
        "is_superuser": true,
        "username": "admin",
        "first_name": "",
        "last_name": "",
        "email": "admin@admin.com",
        "is_staff": true,
        "is_active": true,
        "date_joined": "2017-08-12T21:17:20.357Z",
        "groups": [],
        "user_permissions": []
    }
},
{
    "model": "sessions.session",
    "pk": "23f2mztiufdg9mhgalaxfbc98szzowpn",
    "fields": {
        "session_data": "MzVlZTFiNTUyNGYxMmVhMWE4NTZlNWQwZDU5ZDYwMWNjODllZmE2NTp7Il9hdXRoX3VzZXJfaGFzaCI6ImNlMDUzMjQ2YjFiZDk3MmQzNWJkMjFkZWY0OGVhZWM1YTM1YmI0MmYiLCJfYXV0aF91c2VyX2JhY2tlbmQiOiJkamFuZ28uY29udHJpYi5hdXRoLmJhY2tlbmRzLk1vZGVsQmFja2VuZCIsIl9hdXRoX3VzZXJfaWQiOiIxIn0=",
        "expire_date": "2017-08-26T21:17:45.194Z"
    }
},
{
    "model": "students.student",
    "pk": 1,
    "fields": {
        "first_name": "\u0410\u043d\u0434\u0440\u0456\u0439",
        "last_name": "\u041a\u043e\u0431\u0440\u0438\u043a",
        "middle_name": "\u0412\u044f\u0447\u0435\u0441\u043b\u0430\u0432\u043e\u0432\u0438\u0447",
        "birthday": "1992-06-30",
        "photo": "me.jpg",
        "ticket": "50",
        "notes": "\u0430 \u0446\u0435 \u044f)",
        "students_group": 10
    }
},
{
    "model": "students.student",
    "pk": 15,
    "fields": {
        "first_name": "\u0412\u0456\u0442\u0430\u043b\u0456\u0439",
        "last_name": "\u041c\u0435\u043b\u044c\u043d\u0438\u043a",
        "middle_name": "\u0412\u0456\u0442\u0430\u043b\u0456\u0439\u043e\u0438\u0432\u0447",
        "birthday": "1992-12-12",
        "photo": "3_OtM5WkA.jpeg",
        "ticket": "60",
        "notes": "",
        "students_group": 5
    }
},
{
    "model": "students.student",
    "pk": 16,
    "fields": {
        "first_name": "\u041e\u043b\u0435\u043a\u0441\u0430\u043d\u0434\u0440",
        "last_name": "\u0428\u0435\u0432\u0447\u0435\u043d\u043a\u043e",
        "middle_name": "\u0412\u0456\u043a\u0442\u043e\u0440\u043e\u0432\u0438\u0447",
        "birthday": "1990-07-25",
        "photo": "",
        "ticket": "40",
        "notes": "",
        "students_group": 6
    }
},
{
    "model": "students.student",
    "pk": 17,
    "fields": {
        "first_name": "\u0421\u0435\u0440\u0433\u0456\u0439",
        "last_name": "\u0411\u043e\u0439\u043a\u043e",
        "middle_name": "\u0421\u0435\u0440\u0433\u0456\u0439\u043e\u0432\u0438\u0447",
        "birthday": "1992-07-27",
        "photo": "you.jpg",
        "ticket": "30",
        "notes": "",
        "students_group": 6
    }
},
{
    "model": "students.student",
    "pk": 18,
    "fields": {
        "first_name": "\u0406\u0440\u0438\u043d\u0430",
        "last_name": "\u041a\u043e\u0432\u0430\u043b\u0435\u043d\u043a\u043e",
        "middle_name": "\u041e\u043b\u0435\u0433\u0456\u0432\u043d\u0430",
        "birthday": "1992-04-25",
        "photo": "1.jpeg",
        "ticket": "20",
        "notes": "",
        "students_group": 8
    }
},
{
    "model": "students.student",
    "pk": 19,
    "fields": {
        "first_name": "\u0410\u043d\u0430\u0442\u043e\u043b\u0456\u0439",
        "last_name": "\u0411\u043e\u043d\u0434\u0430\u0440\u0435\u043d\u043a\u043e",
        "middle_name": "\u0406\u0433\u043e\u0440\u043e\u0432\u0438\u0447",
        "birthday": "1991-01-01",
        "photo": "2_LqyMmNA.jpeg",
        "ticket": "10",
        "notes": "",
        "students_group": 9
    }
},
{
    "model": "students.student",
    "pk": 20,
    "fields": {
        "first_name": "\u0412\u0406\u043a\u0442\u043e\u0440",
        "last_name": "\u0422\u043a\u0430\u0447\u0435\u043d\u043a\u043e",
        "middle_name": "\u0411\u043e\u0440\u0438\u0441\u043e\u0432\u0438\u0447",
        "birthday": "1990-07-27",
        "photo": "",
        "ticket": "70",
        "notes": "",
        "students_group": 10
    }
},
{
    "model": "students.student",
    "pk": 21,
    "fields": {
        "first_name": "\u0414\u043c\u0438\u0442\u0440\u043e",
        "last_name": "\u041a\u043e\u0432\u0430\u043b\u044c\u0447\u0443\u043a",
        "middle_name": "\u041b\u0435\u043e\u043d\u0456\u0434\u043e\u0432\u0438\u0447",
        "birthday": "1997-08-23",
        "photo": "",
        "ticket": "80",
        "notes": "",
        "students_group": 10
    }
},
{
    "model": "students.student",
    "pk": 22,
    "fields": {
        "first_name": "\u041b\u044e\u0434\u043c\u0438\u043b\u0430",
        "last_name": "\u041a\u0440\u0430\u0432\u0447\u0435\u043d\u043a\u043e",
        "middle_name": "\u0410\u043d\u0430\u0442\u043e\u043b\u0456\u0457\u0432\u043d\u0430",
        "birthday": "1990-09-10",
        "photo": "",
        "ticket": "90",
        "notes": "",
        "students_group": 6
    }
},
{
    "model": "students.student",
    "pk": 23,
    "fields": {
        "first_name": "\u041e\u043b\u0435\u043d\u0430",
        "last_name": "\u041e\u043b\u0456\u0439\u043d\u0438\u043a",
        "middle_name": "\u0412\u0430\u0441\u0438\u043b\u0456\u0432\u043d\u0430",
        "birthday": "1990-04-04",
        "photo": "",
        "ticket": "100",
        "notes": "",
        "students_group": 7
    }
},
{
    "model": "students.student",
    "pk": 24,
    "fields": {
        "first_name": "\u041e\u043a\u0441\u0430\u043d\u0430",
        "last_name": "\u0428\u0435\u0432\u0447\u0443\u043a",
        "middle_name": "\u0412\u043e\u043b\u043e\u0434\u0438\u043c\u0438\u0440\u0456\u0432\u043d\u0430",
        "birthday": "1992-11-12",
        "photo": "1_37E3QOi.jpeg",
        "ticket": "110",
        "notes": "",
        "students_group": 5
    }
},
{
    "model": "students.student",
    "pk": 25,
    "fields": {
        "first_name": "\u041c\u0430\u043a\u0441\u0438\u043c",
        "last_name": "\u041a\u043e\u0432\u0430\u043b\u044c",
        "middle_name": "\u041e\u043b\u0435\u043a\u0441\u0430\u043d\u0434\u0440\u043e\u0432\u0438\u0447",
        "birthday": "1992-01-04",
        "photo": "",
        "ticket": "120",
        "notes": "",
        "students_group": 8
    }
},
{
    "model": "students.student",
    "pk": 26,
    "fields": {
        "first_name": "\u0414\u043c\u0438\u0442\u0440\u043e",
        "last_name": "\u041f\u043e\u043b\u0456\u0449\u0443\u043a",
        "middle_name": "\u041c\u0430\u043a\u0441\u0438\u043c\u043e\u0432\u0438\u0447",
        "birthday": "1992-01-19",
        "photo": "",
        "ticket": "130",
        "notes": "",
        "students_group": 8
    }
},
{
    "model": "students.student",
    "pk": 27,
    "fields": {
        "first_name": "\u041a\u0430\u0442\u0435\u0440\u0438\u043d\u0430",
        "last_name": "\u0411\u043e\u043d\u0434\u0430\u0440",
        "middle_name": "\u041e\u043b\u0435\u043a\u0441\u0456\u0457\u0432\u043d\u0430",
        "birthday": "2017-04-12",
        "photo": "",
        "ticket": "140",
        "notes": "",
        "students_group": 9
    }
},
{
    "model": "students.student",
    "pk": 28,
    "fields": {
        "first_name": "\u0406\u0432\u0430\u043d",
        "last_name": "\u0422\u043a\u0430\u0447\u0443\u043a",
        "middle_name": "\u041c\u0430\u043a\u0430\u0440\u043e\u0432\u0438\u0447",
        "birthday": "1991-09-02",
        "photo": "",
        "ticket": "150",
        "notes": "",
        "students_group": 10
    }
},
{
    "model": "students.student",
    "pk": 29,
    "fields": {
        "first_name": "\u0412'\u044f\u0447\u0435\u0441\u043b\u0430\u0432",
        "last_name": "\u041c\u043e\u0440\u043e\u0437",
        "middle_name": "\u042e\u0440\u0456\u0439\u043e\u0432\u0438\u0447",
        "birthday": "1992-10-08",
        "photo": "",
        "ticket": "160",
        "notes": "",
        "students_group": 6
    }
},
{
    "model": "students.student",
    "pk": 30,
    "fields": {
        "first_name": "\u041a\u0441\u0435\u043d\u0456\u044f",
        "last_name": "\u041c\u0430\u0440\u0447\u0435\u043d\u043a\u043e",
        "middle_name": "\u0412\u0456\u043a\u0442\u043e\u0440\u0456\u0432\u043d\u0430",
        "birthday": "1990-12-15",
        "photo": "",
        "ticket": "170",
        "notes": "",
        "students_group": 7
    }
},
{
    "model": "students.student",
    "pk": 31,
    "fields": {
        "first_name": "\u041e\u043b\u0435\u043a\u0441\u0430\u043d\u0434\u0440",
        "last_name": "\u041b\u0438\u0441\u0435\u043d\u043a\u043e",
        "middle_name": "\u041e\u043b\u0435\u043a\u0441\u0430\u043d\u0434\u0440\u043e\u0432\u0438\u0447",
        "birthday": "1991-11-11",
        "photo": "",
        "ticket": "180",
        "notes": "",
        "students_group": 5
    }
},
{
    "model": "students.student",
    "pk": 32,
    "fields": {
        "first_name": "\u0419\u043e\u0441\u0438\u043f",
        "last_name": "\u0420\u0443\u0434\u0435\u043d\u043a\u043e",
        "middle_name": "\u0421\u043e\u043b\u043e\u043c\u043e\u043d\u043e\u0432\u0438\u0447",
        "birthday": "2017-12-09",
        "photo": "",
        "ticket": "190",
        "notes": "",
        "students_group": 8
    }
},
{
    "model": "students.student",
    "pk": 33,
    "fields": {
        "first_name": "\u0415\u0434\u0443\u0430\u0440\u0434",
        "last_name": "\u041f\u0435\u0442\u0440\u0435\u043d\u043a\u043e",
        "middle_name": "\u041c\u0438\u043a\u043e\u043b\u0430\u0439\u043e\u0432\u0438\u0447",
        "birthday": "2017-11-04",
        "photo": "",
        "ticket": "200",
        "notes": "",
        "students_group": 9
    }
},
{
    "model": "students.group",
    "pk": 5,
    "fields": {
        "title": "ABE-3",
        "leader": 1,
        "notes": ""
    }
},
{
    "model": "students.group",
    "pk": 6,
    "fields": {
        "title": "ABC-1",
        "leader": 15,
        "notes": ""
    }
},
{
    "model": "students.group",
    "pk": 7,
    "fields": {
        "title": "ABD-2",
        "leader": 16,
        "notes": ""
    }
},
{
    "model": "students.group",
    "pk": 8,
    "fields": {
        "title": "CDE-4",
        "leader": 17,
        "notes": ""
    }
},
{
    "model": "students.group",
    "pk": 9,
    "fields": {
        "title": "CDF-5",
        "leader": 18,
        "notes": ""
    }
},
{
    "model": "students.group",
    "pk": 10,
    "fields": {
        "title": "DFG-6",
        "leader": 19,
        "notes": ""
    }
},
{
    "model": "students.exam",
    "pk": 7,
    "fields": {
        "subject": "HTML",
        "date_time": "2017-07-27T12:00:00Z",
        "teacher": "\u041f\u043e\u0434\u043e\u0431\u0430 \u0412.",
        "group": 6,
        "notes": ""
    }
},
{
    "model": "students.exam",
    "pk": 8,
    "fields": {
        "subject": "HTML",
        "date_time": "2017-07-27T18:00:00Z",
        "teacher": "\u041f\u043e\u0434\u043e\u0431\u0430 \u0412.",
        "group": 7,
        "notes": ""
    }
},
{
    "model": "students.exam",
    "pk": 9,
    "fields": {
        "subject": "HTML",
        "date_time": "2017-07-20T12:00:00Z",
        "teacher": "\u041f\u043e\u0434\u043e\u0431\u0430 \u0412.",
        "group": 5,
        "notes": ""
    }
},
{
    "model": "students.exam",
    "pk": 10,
    "fields": {
        "subject": "CSS",
        "date_time": "2017-07-08T12:00:00Z",
        "teacher": "\u041c\u0438\u0440\u043e\u043d\u0435\u043d\u043a\u043e \u0412.",
        "group": 8,
        "notes": ""
    }
},
{
    "model": "students.exam",
    "pk": 11,
    "fields": {
        "subject": "CSS",
        "date_time": "2017-07-12T12:00:00Z",
        "teacher": "\u041c\u0438\u0440\u043e\u043d\u0435\u043d\u043a\u043e \u0412.",
        "group": 8,
        "notes": ""
    }
},
{
    "model": "students.exam",
    "pk": 12,
    "fields": {
        "subject": "CSS",
        "date_time": "2017-07-13T18:00:00Z",
        "teacher": "\u041c\u0438\u0440\u043e\u043d\u0435\u043d\u043a\u043e \u0412.",
        "group": 10,
        "notes": ""
    }
},
{
    "model": "students.exam",
    "pk": 13,
    "fields": {
        "subject": "Python",
        "date_time": "2017-07-19T12:00:00Z",
        "teacher": "\u041f\u0430\u0432\u043b\u044e\u0447\u0435\u043d\u043a\u043e \u0406.",
        "group": 6,
        "notes": ""
    }
},
{
    "model": "students.exam",
    "pk": 14,
    "fields": {
        "subject": "Python",
        "date_time": "2017-07-19T18:00:00Z",
        "teacher": "\u041f\u0430\u0432\u043b\u044e\u0447\u0435\u043d\u043a\u043e \u0406.",
        "group": 7,
        "notes": ""
    }
},
{
    "model": "students.exam",
    "pk": 15,
    "fields": {
        "subject": "Python",
        "date_time": "2017-07-20T18:00:00Z",
        "teacher": "\u041f\u0430\u0432\u043b\u044e\u0447\u0435\u043d\u043a\u043e \u0406.",
        "group": 5,
        "notes": ""
    }
},
{
    "model": "students.exam",
    "pk": 16,
    "fields": {
        "subject": "Django",
        "date_time": "2017-07-08T12:00:00Z",
        "teacher": "\u041b\u0443\u0442\u0446 \u041c.",
        "group": 8,
        "notes": ""
    }
},
{
    "model": "students.exam",
    "pk": 17,
    "fields": {
        "subject": "Django",
        "date_time": "2017-07-10T12:00:00Z",
        "teacher": "\u041b\u0443\u0442\u0446 \u041c.",
        "group": 9,
        "notes": ""
    }
},
{
    "model": "students.exam",
    "pk": 18,
    "fields": {
        "subject": "Django",
        "date_time": "2017-07-11T18:00:00Z",
        "teacher": "\u041b\u0443\u0442\u0446 \u041c.",
        "group": 10,
        "notes": ""
    }
},
{
    "model": "students.exam",
    "pk": 19,
    "fields": {
        "subject": "JavaScript",
        "date_time": "2017-07-01T12:00:00Z",
        "teacher": "\u041c\u0438\u0440\u043e\u043d\u0435\u043d\u043a\u043e \u0412.",
        "group": 6,
        "notes": ""
    }
},
{
    "model": "students.exam",
    "pk": 20,
    "fields": {
        "subject": "JavaScript",
        "date_time": "2017-07-02T12:00:00Z",
        "teacher": "\u041c\u0438\u0440\u043e\u043d\u0435\u043d\u043a\u043e \u0412.",
        "group": 7,
        "notes": ""
    }
},
{
    "model": "students.exam",
    "pk": 21,
    "fields": {
        "subject": "JavaScript",
        "date_time": "2017-07-03T18:00:00Z",
        "teacher": "\u041c\u0438\u0440\u043e\u043d\u0435\u043d\u043a\u043e \u0412.",
        "group": 5,
        "notes": ""
    }
},
{
    "model": "students.exam",
    "pk": 22,
    "fields": {
        "subject": "SQL",
        "date_time": "2017-07-04T12:00:00Z",
        "teacher": "\u0427\u0430\u043c\u0431\u0435\u0440\u043b\u0456\u043d \u0414.",
        "group": 8,
        "notes": ""
    }
},
{
    "model": "students.exam",
    "pk": 23,
    "fields": {
        "subject": "SQL",
        "date_time": "2017-07-05T12:00:00Z",
        "teacher": "\u0427\u0430\u043c\u0431\u0435\u0440\u043b\u0456\u043d \u0414.",
        "group": 9,
        "notes": ""
    }
},
{
    "model": "students.exam",
    "pk": 24,
    "fields": {
        "subject": "SQL",
        "date_time": "2017-07-06T18:00:00Z",
        "teacher": "\u0427\u0430\u043c\u0431\u0435\u0440\u043b\u0456\u043d \u0414.",
        "group": 10,
        "notes": ""
    }
},
{
    "model": "students.rating",
    "pk": 8,
    "fields": {
        "student": 17,
        "date_time": "2017-07-27T12:00:00Z",
        "subject": "HTML",
        "teacher": "\u041f\u043e\u0434\u043e\u0431\u0430 \u0412.",
        "mark": "60",
        "notes": ""
    }
},
{
    "model": "students.rating",
    "pk": 9,
    "fields": {
        "student": 1,
        "date_time": "2017-07-10T12:00:00Z",
        "subject": "Django",
        "teacher": "\u041b\u0443\u0442\u0446 \u041c.",
        "mark": "100",
        "notes": ""
    }
},
{
    "model": "students.rating",
    "pk": 10,
    "fields": {
        "student": 27,
        "date_time": "2017-07-04T18:00:00Z",
        "subject": "HTML",
        "teacher": "\u041f\u043e\u0434\u043e\u0431\u0430 \u0412.",
        "mark": "70",
        "notes": ""
    }
},
{
    "model": "students.rating",
    "pk": 11,
    "fields": {
        "student": 18,
        "date_time": "2017-07-11T12:00:00Z",
        "subject": "JavaScript",
        "teacher": "\u041c\u0438\u0440\u043e\u043d\u0435\u043d\u043a\u043e \u0412.",
        "mark": "56",
        "notes": ""
    }
},
{
    "model": "students.rating",
    "pk": 12,
    "fields": {
        "student": 25,
        "date_time": "2017-07-27T18:00:00Z",
        "subject": "Python",
        "teacher": "\u041f\u0430\u0432\u043b\u044e\u0447\u0435\u043d\u043a\u043e \u0406.",
        "mark": "85",
        "notes": ""
    }
},
{
    "model": "students.rating",
    "pk": 13,
    "fields": {
        "student": 21,
        "date_time": "2017-07-17T13:00:00Z",
        "subject": "JavaScript",
        "teacher": "\u041c\u0438\u0440\u043e\u043d\u0435\u043d\u043a\u043e \u0412.",
        "mark": "95",
        "notes": ""
    }
},
{
    "model": "students.rating",
    "pk": 14,
    "fields": {
        "student": 31,
        "date_time": "2017-07-11T18:00:00Z",
        "subject": "HTML",
        "teacher": "\u041f\u043e\u0434\u043e\u0431\u0430 \u0412.",
        "mark": "60",
        "notes": ""
    }
},
{
    "model": "students.rating",
    "pk": 15,
    "fields": {
        "student": 22,
        "date_time": "2017-07-11T12:00:00Z",
        "subject": "Python",
        "teacher": "\u041f\u0430\u0432\u043b\u044e\u0447\u0435\u043d\u043a\u043e \u0406.",
        "mark": "76",
        "notes": ""
    }
},
{
    "model": "students.rating",
    "pk": 16,
    "fields": {
        "student": 30,
        "date_time": "2017-07-22T18:00:00Z",
        "subject": "CSS",
        "teacher": "\u041c\u0438\u0440\u043e\u043d\u0435\u043d\u043a\u043e \u0412.",
        "mark": "100",
        "notes": ""
    }
},
{
    "model": "students.rating",
    "pk": 17,
    "fields": {
        "student": 15,
        "date_time": "2017-07-04T18:00:00Z",
        "subject": "JavaScript",
        "teacher": "\u041c\u0438\u0440\u043e\u043d\u0435\u043d\u043a\u043e \u0412.",
        "mark": "70",
        "notes": ""
    }
},
{
    "model": "students.rating",
    "pk": 18,
    "fields": {
        "student": 29,
        "date_time": "2017-07-19T12:00:00Z",
        "subject": "Python",
        "teacher": "\u041f\u0430\u0432\u043b\u044e\u0447\u0435\u043d\u043a\u043e \u0406.",
        "mark": "100",
        "notes": ""
    }
},
{
    "model": "students.rating",
    "pk": 19,
    "fields": {
        "student": 23,
        "date_time": "2017-07-11T18:00:00Z",
        "subject": "Django",
        "teacher": "\u041b\u0443\u0442\u0446 \u041c.",
        "mark": "67",
        "notes": ""
    }
},
{
    "model": "students.rating",
    "pk": 20,
    "fields": {
        "student": 33,
        "date_time": "2017-07-10T12:00:00Z",
        "subject": "SQL",
        "teacher": "\u0427\u0430\u043c\u0431\u0435\u0440\u043b\u0456\u043d \u0414.",
        "mark": "85",
        "notes": ""
    }
},
{
    "model": "students.rating",
    "pk": 21,
    "fields": {
        "student": 26,
        "date_time": "2017-07-18T18:00:00Z",
        "subject": "SQL",
        "teacher": "\u0427\u0430\u043c\u0431\u0435\u0440\u043b\u0456\u043d \u0414.",
        "mark": "60",
        "notes": ""
    }
},
{
    "model": "students.rating",
    "pk": 22,
    "fields": {
        "student": 32,
        "date_time": "2017-07-14T12:00:00Z",
        "subject": "SQL",
        "teacher": "\u0427\u0430\u043c\u0431\u0435\u0440\u043b\u0456\u043d \u0414.",
        "mark": "85",
        "notes": ""
    }
},
{
    "model": "students.rating",
    "pk": 23,
    "fields": {
        "student": 20,
        "date_time": "2017-07-24T18:00:00Z",
        "subject": "SQL",
        "teacher": "\u0427\u0430\u043c\u0431\u0435\u0440\u043b\u0456\u043d \u0414.",
        "mark": "90",
        "notes": ""
    }
},
{
    "model": "students.rating",
    "pk": 24,
    "fields": {
        "student": 32,
        "date_time": "2017-07-24T12:00:00Z",
        "subject": "Django",
        "teacher": "\u041b\u0443\u0442\u0446 \u041c.",
        "mark": "90",
        "notes": ""
    }
},
{
    "model": "students.rating",
    "pk": 25,
    "fields": {
        "student": 16,
        "date_time": "2017-07-28T12:00:00Z",
        "subject": "JavaScript",
        "teacher": "\u041c\u0438\u0440\u043e\u043d\u0435\u043d\u043a\u043e \u0412.",
        "mark": "95",
        "notes": ""
    }
},
{
    "model": "students.rating",
    "pk": 26,
    "fields": {
        "student": 24,
        "date_time": "2017-07-28T12:00:00Z",
        "subject": "Django",
        "teacher": "\u041b\u0443\u0442\u0446 \u041c.",
        "mark": "100",
        "notes": ""
    }
},
{
    "model": "students.rating",
    "pk": 27,
    "fields": {
        "student": 28,
        "date_time": "2017-07-18T12:00:00Z",
        "subject": "CSS",
        "teacher": "\u041c\u0438\u0440\u043e\u043d\u0435\u043d\u043a\u043e \u0412.",
        "mark": "90",
        "notes": ""
    }
},
{
    "model": "admin.logentry",
    "pk": 1,
    "fields": {
        "action_time": "2017-08-13T13:34:48.175Z",
        "user": 1,
        "content_type": 7,
        "object_id": "34",
        "object_repr": "34 test test",
        "action_flag": 1,
        "change_message": "[{\"added\": {}}]"
    }
},
{
    "model": "admin.logentry",
    "pk": 2,
    "fields": {
        "action_time": "2017-08-13T13:35:10.913Z",
        "user": 1,
        "content_type": 7,
        "object_id": "1",
        "object_repr": "1 \u0410\u043d\u0434\u0440\u0456\u0439 \u041a\u043e\u0431\u0440\u0438\u043a",
        "action_flag": 2,
        "change_message": "[{\"changed\": {\"fields\": [\"students_group\"]}}]"
    }
},
{
    "model": "admin.logentry",
    "pk": 3,
    "fields": {
        "action_time": "2017-08-13T13:35:19.499Z",
        "user": 1,
        "content_type": 7,
        "object_id": "1",
        "object_repr": "1 \u0410\u043d\u0434\u0440\u0456\u0439 \u041a\u043e\u0431\u0440\u0438\u043a",
        "action_flag": 2,
        "change_message": "[{\"changed\": {\"fields\": [\"students_group\"]}}]"
    }
},
{
    "model": "admin.logentry",
    "pk": 4,
    "fields": {
        "action_time": "2017-08-13T13:35:31.877Z",
        "user": 1,
        "content_type": 7,
        "object_id": "34",
        "object_repr": "34 test test",
        "action_flag": 3,
        "change_message": ""
    }
}
]
