[
{
    "model": "students.monthjournal",
    "pk": 1,
    "fields": {
        "student": 17,
        "date": "2017-08-01",
        "present_day1": false,
        "present_day2": false,
        "present_day3": false,
        "present_day4": false,
        "present_day5": false,
        "present_day6": false,
        "present_day7": false,
        "present_day8": false,
        "present_day9": false,
        "present_day10": false,
        "present_day11": true,
        "present_day12": true,
        "present_day13": false,
        "present_day14": false,
        "present_day15": false,
        "present_day16": false,
        "present_day17": false,
        "present_day18": false,
        "present_day19": false,
        "present_day20": false,
        "present_day21": false,
        "present_day22": false,
        "present_day23": false,
        "present_day24": false,
        "present_day25": false,
        "present_day26": false,
        "present_day27": false,
        "present_day28": false,
        "present_day29": false,
        "present_day30": false,
        "present_day31": false
    }
},
{
    "model": "students.monthjournal",
    "pk": 2,
    "fields": {
        "student": 19,
        "date": "2017-09-01",
        "present_day1": true,
        "present_day2": false,
        "present_day3": false,
        "present_day4": false,
        "present_day5": false,
        "present_day6": false,
        "present_day7": false,
        "present_day8": true,
        "present_day9": false,
        "present_day10": false,
        "present_day11": false,
        "present_day12": false,
        "present_day13": true,
        "present_day14": false,
        "present_day15": false,
        "present_day16": false,
        "present_day17": false,
        "present_day18": false,
        "present_day19": false,
        "present_day20": false,
        "present_day21": false,
        "present_day22": false,
        "present_day23": false,
        "present_day24": false,
        "present_day25": false,
        "present_day26": false,
        "present_day27": false,
        "present_day28": false,
        "present_day29": false,
        "present_day30": false,
        "present_day31": false
    }
},
{
    "model": "students.monthjournal",
    "pk": 3,
    "fields": {
        "student": 1,
        "date": "2017-09-01",
        "present_day1": false,
        "present_day2": false,
        "present_day3": false,
        "present_day4": false,
        "present_day5": false,
        "present_day6": false,
        "present_day7": false,
        "present_day8": false,
        "present_day9": false,
        "present_day10": false,
        "present_day11": false,
        "present_day12": false,
        "present_day13": false,
        "present_day14": true,
        "present_day15": false,
        "present_day16": false,
        "present_day17": false,
        "present_day18": false,
        "present_day19": false,
        "present_day20": false,
        "present_day21": false,
        "present_day22": false,
        "present_day23": false,
        "present_day24": false,
        "present_day25": false,
        "present_day26": false,
        "present_day27": false,
        "present_day28": false,
        "present_day29": false,
        "present_day30": false,
        "present_day31": false
    }
},
{
    "model": "students.monthjournal",
    "pk": 4,
    "fields": {
        "student": 18,
        "date": "2017-09-01",
        "present_day1": false,
        "present_day2": false,
        "present_day3": false,
        "present_day4": false,
        "present_day5": false,
        "present_day6": true,
        "present_day7": false,
        "present_day8": false,
        "present_day9": false,
        "present_day10": false,
        "present_day11": false,
        "present_day12": false,
        "present_day13": false,
        "present_day14": false,
        "present_day15": false,
        "present_day16": true,
        "present_day17": false,
        "present_day18": false,
        "present_day19": false,
        "present_day20": false,
        "present_day21": false,
        "present_day22": false,
        "present_day23": false,
        "present_day24": false,
        "present_day25": false,
        "present_day26": false,
        "present_day27": false,
        "present_day28": false,
        "present_day29": false,
        "present_day30": false,
        "present_day31": false
    }
},
{
    "model": "students.monthjournal",
    "pk": 5,
    "fields": {
        "student": 17,
        "date": "2017-09-01",
        "present_day1": true,
        "present_day2": true,
        "present_day3": true,
        "present_day4": true,
        "present_day5": true,
        "present_day6": true,
        "present_day7": true,
        "present_day8": true,
        "present_day9": true,
        "present_day10": true,
        "present_day11": true,
        "present_day12": true,
        "present_day13": true,
        "present_day14": true,
        "present_day15": true,
        "present_day16": true,
        "present_day17": true,
        "present_day18": true,
        "present_day19": true,
        "present_day20": true,
        "present_day21": true,
        "present_day22": true,
        "present_day23": true,
        "present_day24": true,
        "present_day25": true,
        "present_day26": true,
        "present_day27": true,
        "present_day28": true,
        "present_day29": true,
        "present_day30": true,
        "present_day31": false
    }
},
{
    "model": "students.monthjournal",
    "pk": 6,
    "fields": {
        "student": 27,
        "date": "2017-09-01",
        "present_day1": true,
        "present_day2": true,
        "present_day3": true,
        "present_day4": true,
        "present_day5": true,
        "present_day6": true,
        "present_day7": true,
        "present_day8": true,
        "present_day9": true,
        "present_day10": true,
        "present_day11": true,
        "present_day12": true,
        "present_day13": true,
        "present_day14": true,
        "present_day15": true,
        "present_day16": true,
        "present_day17": true,
        "present_day18": true,
        "present_day19": true,
        "present_day20": true,
        "present_day21": true,
        "present_day22": true,
        "present_day23": true,
        "present_day24": true,
        "present_day25": true,
        "present_day26": true,
        "present_day27": true,
        "present_day28": true,
        "present_day29": true,
        "present_day30": true,
        "present_day31": false
    }
},
{
    "model": "students.student",
    "pk": 1,
    "fields": {
        "first_name": "\u0410\u043d\u0434\u0440\u0456\u0439",
        "last_name": "\u041a\u043e\u0431\u0440\u0438\u043a",
        "middle_name": "\u0412\u044f\u0447\u0435\u0441\u043b\u0430\u0432\u043e\u0432\u0438\u0447",
        "birthday": "1992-06-30",
        "photo": "me.jpg",
        "ticket": "50",
        "notes": "\u0430 \u0446\u0435 \u044f)",
        "students_group": 6
    }
},
{
    "model": "students.student",
    "pk": 15,
    "fields": {
        "first_name": "\u0412\u0456\u0442\u0430\u043b\u0456\u0439",
        "last_name": "\u041c\u0435\u043b\u044c\u043d\u0438\u043a",
        "middle_name": "\u0412\u0456\u0442\u0430\u043b\u0456\u0439\u043e\u0438\u0432\u0447",
        "birthday": "1992-12-12",
        "photo": "3_OtM5WkA.jpeg",
        "ticket": "60",
        "notes": "",
        "students_group": 5
    }
},
{
    "model": "students.student",
    "pk": 16,
    "fields": {
        "first_name": "\u041e\u043b\u0435\u043a\u0441\u0430\u043d\u0434\u0440",
        "last_name": "\u0428\u0435\u0432\u0447\u0435\u043d\u043a\u043e",
        "middle_name": "\u0412\u0456\u043a\u0442\u043e\u0440\u043e\u0432\u0438\u0447",
        "birthday": "1990-07-25",
        "photo": "",
        "ticket": "40",
        "notes": "",
        "students_group": 6
    }
},
{
    "model": "students.student",
    "pk": 17,
    "fields": {
        "first_name": "\u0421\u0435\u0440\u0433\u0456\u0439",
        "last_name": "\u0411\u043e\u0439\u043a\u043e",
        "middle_name": "\u0421\u0435\u0440\u0433\u0456\u0439\u043e\u0432\u0438\u0447",
        "birthday": "1992-07-27",
        "photo": "you.jpg",
        "ticket": "30",
        "notes": "",
        "students_group": 6
    }
},
{
    "model": "students.student",
    "pk": 18,
    "fields": {
        "first_name": "\u0406\u0440\u0438\u043d\u0430",
        "last_name": "\u041a\u043e\u0432\u0430\u043b\u0435\u043d\u043a\u043e",
        "middle_name": "\u041e\u043b\u0435\u0433\u0456\u0432\u043d\u0430",
        "birthday": "1992-04-25",
        "photo": "1.jpeg",
        "ticket": "20",
        "notes": "",
        "students_group": 8
    }
},
{
    "model": "students.student",
    "pk": 19,
    "fields": {
        "first_name": "\u0410\u043d\u0430\u0442\u043e\u043b\u0456\u0439",
        "last_name": "\u0411\u043e\u043d\u0434\u0430\u0440\u0435\u043d\u043a\u043e",
        "middle_name": "\u0406\u0433\u043e\u0440\u043e\u0432\u0438\u0447",
        "birthday": "1991-01-01",
        "photo": "2_LqyMmNA.jpeg",
        "ticket": "10",
        "notes": "",
        "students_group": 9
    }
},
{
    "model": "students.student",
    "pk": 20,
    "fields": {
        "first_name": "\u0412\u0406\u043a\u0442\u043e\u0440",
        "last_name": "\u0422\u043a\u0430\u0447\u0435\u043d\u043a\u043e",
        "middle_name": "\u0411\u043e\u0440\u0438\u0441\u043e\u0432\u0438\u0447",
        "birthday": "1990-07-27",
        "photo": "",
        "ticket": "70",
        "notes": "",
        "students_group": 10
    }
},
{
    "model": "students.student",
    "pk": 21,
    "fields": {
        "first_name": "\u0414\u043c\u0438\u0442\u0440\u043e",
        "last_name": "\u041a\u043e\u0432\u0430\u043b\u044c\u0447\u0443\u043a",
        "middle_name": "\u041b\u0435\u043e\u043d\u0456\u0434\u043e\u0432\u0438\u0447",
        "birthday": "1997-08-23",
        "photo": "",
        "ticket": "80",
        "notes": "",
        "students_group": 10
    }
},
{
    "model": "students.student",
    "pk": 22,
    "fields": {
        "first_name": "\u041b\u044e\u0434\u043c\u0438\u043b\u0430",
        "last_name": "\u041a\u0440\u0430\u0432\u0447\u0435\u043d\u043a\u043e",
        "middle_name": "\u0410\u043d\u0430\u0442\u043e\u043b\u0456\u0457\u0432\u043d\u0430",
        "birthday": "1990-09-10",
        "photo": "",
        "ticket": "90",
        "notes": "",
        "students_group": 6
    }
},
{
    "model": "students.student",
    "pk": 23,
    "fields": {
        "first_name": "\u041e\u043b\u0435\u043d\u0430",
        "last_name": "\u041e\u043b\u0456\u0439\u043d\u0438\u043a",
        "middle_name": "\u0412\u0430\u0441\u0438\u043b\u0456\u0432\u043d\u0430",
        "birthday": "1990-04-04",
        "photo": "",
        "ticket": "100",
        "notes": "",
        "students_group": 7
    }
},
{
    "model": "students.student",
    "pk": 24,
    "fields": {
        "first_name": "\u041e\u043a\u0441\u0430\u043d\u0430",
        "last_name": "\u0428\u0435\u0432\u0447\u0443\u043a",
        "middle_name": "\u0412\u043e\u043b\u043e\u0434\u0438\u043c\u0438\u0440\u0456\u0432\u043d\u0430",
        "birthday": "1992-11-12",
        "photo": "1_37E3QOi.jpeg",
        "ticket": "110",
        "notes": "",
        "students_group": 5
    }
},
{
    "model": "students.student",
    "pk": 25,
    "fields": {
        "first_name": "\u041c\u0430\u043a\u0441\u0438\u043c",
        "last_name": "\u041a\u043e\u0432\u0430\u043b\u044c",
        "middle_name": "\u041e\u043b\u0435\u043a\u0441\u0430\u043d\u0434\u0440\u043e\u0432\u0438\u0447",
        "birthday": "1992-01-04",
        "photo": "",
        "ticket": "120",
        "notes": "",
        "students_group": 8
    }
},
{
    "model": "students.student",
    "pk": 26,
    "fields": {
        "first_name": "\u0414\u043c\u0438\u0442\u0440\u043e",
        "last_name": "\u041f\u043e\u043b\u0456\u0449\u0443\u043a",
        "middle_name": "\u041c\u0430\u043a\u0441\u0438\u043c\u043e\u0432\u0438\u0447",
        "birthday": "1992-01-19",
        "photo": "",
        "ticket": "130",
        "notes": "",
        "students_group": 8
    }
},
{
    "model": "students.student",
    "pk": 27,
    "fields": {
        "first_name": "\u041a\u0430\u0442\u0435\u0440\u0438\u043d\u0430",
        "last_name": "\u0411\u043e\u043d\u0434\u0430\u0440",
        "middle_name": "\u041e\u043b\u0435\u043a\u0441\u0456\u0457\u0432\u043d\u0430",
        "birthday": "2017-04-12",
        "photo": "",
        "ticket": "140",
        "notes": "",
        "students_group": 9
    }
},
{
    "model": "students.student",
    "pk": 28,
    "fields": {
        "first_name": "\u0406\u0432\u0430\u043d",
        "last_name": "\u0422\u043a\u0430\u0447\u0443\u043a",
        "middle_name": "\u041c\u0430\u043a\u0430\u0440\u043e\u0432\u0438\u0447",
        "birthday": "1991-09-02",
        "photo": "",
        "ticket": "150",
        "notes": "",
        "students_group": 10
    }
},
{
    "model": "students.student",
    "pk": 29,
    "fields": {
        "first_name": "\u0412'\u044f\u0447\u0435\u0441\u043b\u0430\u0432",
        "last_name": "\u041c\u043e\u0440\u043e\u0437",
        "middle_name": "\u042e\u0440\u0456\u0439\u043e\u0432\u0438\u0447",
        "birthday": "1992-10-08",
        "photo": "",
        "ticket": "160",
        "notes": "",
        "students_group": 6
    }
},
{
    "model": "students.student",
    "pk": 30,
    "fields": {
        "first_name": "\u041a\u0441\u0435\u043d\u0456\u044f",
        "last_name": "\u041c\u0430\u0440\u0447\u0435\u043d\u043a\u043e",
        "middle_name": "\u0412\u0456\u043a\u0442\u043e\u0440\u0456\u0432\u043d\u0430",
        "birthday": "1990-12-15",
        "photo": "",
        "ticket": "170",
        "notes": "",
        "students_group": 7
    }
},
{
    "model": "students.student",
    "pk": 31,
    "fields": {
        "first_name": "\u041e\u043b\u0435\u043a\u0441\u0430\u043d\u0434\u0440",
        "last_name": "\u041b\u0438\u0441\u0435\u043d\u043a\u043e",
        "middle_name": "\u041e\u043b\u0435\u043a\u0441\u0430\u043d\u0434\u0440\u043e\u0432\u0438\u0447",
        "birthday": "1991-11-11",
        "photo": "",
        "ticket": "180",
        "notes": "",
        "students_group": 5
    }
},
{
    "model": "students.student",
    "pk": 32,
    "fields": {
        "first_name": "\u0419\u043e\u0441\u0438\u043f",
        "last_name": "\u0420\u0443\u0434\u0435\u043d\u043a\u043e",
        "middle_name": "\u0421\u043e\u043b\u043e\u043c\u043e\u043d\u043e\u0432\u0438\u0447",
        "birthday": "2017-12-09",
        "photo": "",
        "ticket": "190",
        "notes": "",
        "students_group": 8
    }
},
{
    "model": "students.student",
    "pk": 33,
    "fields": {
        "first_name": "\u0415\u0434\u0443\u0430\u0440\u0434",
        "last_name": "\u041f\u0435\u0442\u0440\u0435\u043d\u043a\u043e",
        "middle_name": "\u041c\u0438\u043a\u043e\u043b\u0430\u0439\u043e\u0432\u0438\u0447",
        "birthday": "2017-11-04",
        "photo": "",
        "ticket": "200",
        "notes": "",
        "students_group": 9
    }
},
{
    "model": "students.student",
    "pk": 34,
    "fields": {
        "first_name": "\u0422\u0435\u0441\u0442\u0443\u0432\u0430\u043b\u044c\u043d\u0438\u043a",
        "last_name": "\u0422\u0435\u0441\u0442\u0443\u0432\u0430\u043b\u044c\u043d\u0435\u043d\u043a\u043e",
        "middle_name": "",
        "birthday": "1996-01-03",
        "photo": "",
        "ticket": "1",
        "notes": "",
        "students_group": 10
    }
},
{
    "model": "students.student",
    "pk": 35,
    "fields": {
        "first_name": "first_name1452",
        "last_name": "last_name1649",
        "middle_name": "",
        "birthday": "2017-09-24",
        "photo": "",
        "ticket": "8192",
        "notes": "",
        "students_group": 11
    }
},
{
    "model": "students.student",
    "pk": 36,
    "fields": {
        "first_name": "first_name7257",
        "last_name": "last_name8155",
        "middle_name": "",
        "birthday": "2017-09-24",
        "photo": "",
        "ticket": "2736",
        "notes": "",
        "students_group": 12
    }
},
{
    "model": "students.student",
    "pk": 37,
    "fields": {
        "first_name": "first_name5419",
        "last_name": "last_name8129",
        "middle_name": "",
        "birthday": "2017-09-24",
        "photo": "",
        "ticket": "5276",
        "notes": "",
        "students_group": 11
    }
},
{
    "model": "students.student",
    "pk": 38,
    "fields": {
        "first_name": "first_name637",
        "last_name": "last_name3448",
        "middle_name": "",
        "birthday": "2017-09-24",
        "photo": "",
        "ticket": "5034",
        "notes": "",
        "students_group": 11
    }
},
{
    "model": "students.student",
    "pk": 39,
    "fields": {
        "first_name": "first_name7680",
        "last_name": "last_name8355",
        "middle_name": "",
        "birthday": "2017-09-24",
        "photo": "",
        "ticket": "6085",
        "notes": "",
        "students_group": 11
    }
},
{
    "model": "students.student",
    "pk": 40,
    "fields": {
        "first_name": "first_name1078",
        "last_name": "last_name1402",
        "middle_name": "",
        "birthday": "2017-09-24",
        "photo": "",
        "ticket": "1264",
        "notes": "",
        "students_group": 14
    }
},
{
    "model": "students.group",
    "pk": 5,
    "fields": {
        "title": "ABE-3",
        "leader": 1,
        "notes": ""
    }
},
{
    "model": "students.group",
    "pk": 6,
    "fields": {
        "title": "ABC-1",
        "leader": 15,
        "notes": ""
    }
},
{
    "model": "students.group",
    "pk": 7,
    "fields": {
        "title": "ABD-2",
        "leader": 16,
        "notes": ""
    }
},
{
    "model": "students.group",
    "pk": 8,
    "fields": {
        "title": "CDE-4",
        "leader": 17,
        "notes": ""
    }
},
{
    "model": "students.group",
    "pk": 9,
    "fields": {
        "title": "CDF-5",
        "leader": 18,
        "notes": ""
    }
},
{
    "model": "students.group",
    "pk": 10,
    "fields": {
        "title": "DFG-6",
        "leader": 19,
        "notes": ""
    }
},
{
    "model": "students.group",
    "pk": 11,
    "fields": {
        "title": "DBC-12",
        "leader": 24,
        "notes": ""
    }
},
{
    "model": "students.group",
    "pk": 12,
    "fields": {
        "title": "DDE-18",
        "leader": 27,
        "notes": ""
    }
},
{
    "model": "students.group",
    "pk": 13,
    "fields": {
        "title": "CBE-25",
        "leader": 25,
        "notes": ""
    }
},
{
    "model": "students.group",
    "pk": 14,
    "fields": {
        "title": "EEF-35",
        "leader": 20,
        "notes": ""
    }
},
{
    "model": "students.group",
    "pk": 15,
    "fields": {
        "title": "ARO-15",
        "leader": 30,
        "notes": ""
    }
},
{
    "model": "students.group",
    "pk": 16,
    "fields": {
        "title": "OOP-10",
        "leader": 28,
        "notes": ""
    }
},
{
    "model": "students.group",
    "pk": 17,
    "fields": {
        "title": "title5218",
        "leader": 35,
        "notes": "notes about group"
    }
},
{
    "model": "students.group",
    "pk": 18,
    "fields": {
        "title": "title3653",
        "leader": 38,
        "notes": "notes about group"
    }
},
{
    "model": "students.group",
    "pk": 19,
    "fields": {
        "title": "title2319",
        "leader": 37,
        "notes": "notes about group"
    }
},
{
    "model": "students.group",
    "pk": 20,
    "fields": {
        "title": "title8706",
        "leader": 40,
        "notes": "notes about group"
    }
},
{
    "model": "students.exam",
    "pk": 7,
    "fields": {
        "subject": "HTML",
        "date_time": "2017-07-27T12:00:00Z",
        "teacher": "\u041f\u043e\u0434\u043e\u0431\u0430 \u0412.",
        "group": 6,
        "notes": ""
    }
},
{
    "model": "students.exam",
    "pk": 8,
    "fields": {
        "subject": "HTML",
        "date_time": "2017-07-27T18:00:00Z",
        "teacher": "\u041f\u043e\u0434\u043e\u0431\u0430 \u0412.",
        "group": 7,
        "notes": ""
    }
},
{
    "model": "students.exam",
    "pk": 9,
    "fields": {
        "subject": "HTML",
        "date_time": "2017-07-20T12:00:00Z",
        "teacher": "\u041f\u043e\u0434\u043e\u0431\u0430 \u0412.",
        "group": 5,
        "notes": ""
    }
},
{
    "model": "students.exam",
    "pk": 10,
    "fields": {
        "subject": "CSS",
        "date_time": "2017-07-08T12:00:00Z",
        "teacher": "\u041c\u0438\u0440\u043e\u043d\u0435\u043d\u043a\u043e \u0412.",
        "group": 8,
        "notes": ""
    }
},
{
    "model": "students.exam",
    "pk": 11,
    "fields": {
        "subject": "CSS",
        "date_time": "2017-07-12T12:00:00Z",
        "teacher": "\u041c\u0438\u0440\u043e\u043d\u0435\u043d\u043a\u043e \u0412.",
        "group": 8,
        "notes": ""
    }
},
{
    "model": "students.exam",
    "pk": 12,
    "fields": {
        "subject": "CSS",
        "date_time": "2017-07-13T18:00:00Z",
        "teacher": "\u041c\u0438\u0440\u043e\u043d\u0435\u043d\u043a\u043e \u0412.",
        "group": 10,
        "notes": ""
    }
},
{
    "model": "students.exam",
    "pk": 13,
    "fields": {
        "subject": "Python",
        "date_time": "2017-07-19T12:00:00Z",
        "teacher": "\u041f\u0430\u0432\u043b\u044e\u0447\u0435\u043d\u043a\u043e \u0406.",
        "group": 6,
        "notes": ""
    }
},
{
    "model": "students.exam",
    "pk": 14,
    "fields": {
        "subject": "Python",
        "date_time": "2017-07-19T18:00:00Z",
        "teacher": "\u041f\u0430\u0432\u043b\u044e\u0447\u0435\u043d\u043a\u043e \u0406.",
        "group": 7,
        "notes": ""
    }
},
{
    "model": "students.exam",
    "pk": 15,
    "fields": {
        "subject": "Python",
        "date_time": "2017-07-20T18:00:00Z",
        "teacher": "\u041f\u0430\u0432\u043b\u044e\u0447\u0435\u043d\u043a\u043e \u0406.",
        "group": 5,
        "notes": ""
    }
},
{
    "model": "students.exam",
    "pk": 16,
    "fields": {
        "subject": "Django",
        "date_time": "2017-07-08T12:00:00Z",
        "teacher": "\u041b\u0443\u0442\u0446 \u041c.",
        "group": 8,
        "notes": ""
    }
},
{
    "model": "students.exam",
    "pk": 17,
    "fields": {
        "subject": "Django",
        "date_time": "2017-07-10T12:00:00Z",
        "teacher": "\u041b\u0443\u0442\u0446 \u041c.",
        "group": 9,
        "notes": ""
    }
},
{
    "model": "students.exam",
    "pk": 18,
    "fields": {
        "subject": "Django",
        "date_time": "2017-07-11T18:00:00Z",
        "teacher": "\u041b\u0443\u0442\u0446 \u041c.",
        "group": 10,
        "notes": ""
    }
},
{
    "model": "students.exam",
    "pk": 19,
    "fields": {
        "subject": "JavaScript",
        "date_time": "2017-07-01T12:00:00Z",
        "teacher": "\u041c\u0438\u0440\u043e\u043d\u0435\u043d\u043a\u043e \u0412.",
        "group": 6,
        "notes": ""
    }
},
{
    "model": "students.exam",
    "pk": 20,
    "fields": {
        "subject": "JavaScript",
        "date_time": "2017-07-02T12:00:00Z",
        "teacher": "\u041c\u0438\u0440\u043e\u043d\u0435\u043d\u043a\u043e \u0412.",
        "group": 7,
        "notes": ""
    }
},
{
    "model": "students.exam",
    "pk": 21,
    "fields": {
        "subject": "JavaScript",
        "date_time": "2017-07-03T18:00:00Z",
        "teacher": "\u041c\u0438\u0440\u043e\u043d\u0435\u043d\u043a\u043e \u0412.",
        "group": 5,
        "notes": ""
    }
},
{
    "model": "students.exam",
    "pk": 22,
    "fields": {
        "subject": "SQL",
        "date_time": "2017-07-04T12:00:00Z",
        "teacher": "\u0427\u0430\u043c\u0431\u0435\u0440\u043b\u0456\u043d \u0414.",
        "group": 8,
        "notes": ""
    }
},
{
    "model": "students.exam",
    "pk": 23,
    "fields": {
        "subject": "SQL",
        "date_time": "2017-07-05T12:00:00Z",
        "teacher": "\u0427\u0430\u043c\u0431\u0435\u0440\u043b\u0456\u043d \u0414.",
        "group": 9,
        "notes": ""
    }
},
{
    "model": "students.exam",
    "pk": 24,
    "fields": {
        "subject": "Git",
        "date_time": "2017-09-10T12:00:00Z",
        "teacher": "1",
        "group": 6,
        "notes": ""
    }
},
{
    "model": "students.exam",
    "pk": 25,
    "fields": {
        "subject": "Git",
        "date_time": "2017-09-10T12:00:00Z",
        "teacher": "1",
        "group": 6,
        "notes": ""
    }
},
{
    "model": "students.exam",
    "pk": 26,
    "fields": {
        "subject": "Git",
        "date_time": "2017-09-10T12:00:00Z",
        "teacher": "1",
        "group": 7,
        "notes": ""
    }
},
{
    "model": "students.exam",
    "pk": 27,
    "fields": {
        "subject": "Git",
        "date_time": "2017-09-10T12:00:00Z",
        "teacher": "1",
        "group": 6,
        "notes": ""
    }
},
{
    "model": "students.rating",
    "pk": 8,
    "fields": {
        "student": 17,
        "date_time": "2017-07-27T12:00:00Z",
        "subject": "HTML",
        "teacher": "\u041f\u043e\u0434\u043e\u0431\u0430 \u0412.",
        "mark": "60",
        "notes": ""
    }
},
{
    "model": "students.rating",
    "pk": 9,
    "fields": {
        "student": 1,
        "date_time": "2017-07-10T12:00:00Z",
        "subject": "Django",
        "teacher": "\u041b\u0443\u0442\u0446 \u041c.",
        "mark": "100",
        "notes": ""
    }
},
{
    "model": "students.rating",
    "pk": 10,
    "fields": {
        "student": 27,
        "date_time": "2017-07-04T18:00:00Z",
        "subject": "HTML",
        "teacher": "\u041f\u043e\u0434\u043e\u0431\u0430 \u0412.",
        "mark": "70",
        "notes": ""
    }
},
{
    "model": "students.rating",
    "pk": 11,
    "fields": {
        "student": 18,
        "date_time": "2017-07-11T12:00:00Z",
        "subject": "JavaScript",
        "teacher": "\u041c\u0438\u0440\u043e\u043d\u0435\u043d\u043a\u043e \u0412.",
        "mark": "56",
        "notes": ""
    }
},
{
    "model": "students.rating",
    "pk": 12,
    "fields": {
        "student": 25,
        "date_time": "2017-07-27T18:00:00Z",
        "subject": "Python",
        "teacher": "\u041f\u0430\u0432\u043b\u044e\u0447\u0435\u043d\u043a\u043e \u0406.",
        "mark": "85",
        "notes": ""
    }
},
{
    "model": "students.rating",
    "pk": 13,
    "fields": {
        "student": 21,
        "date_time": "2017-07-17T13:00:00Z",
        "subject": "JavaScript",
        "teacher": "\u041c\u0438\u0440\u043e\u043d\u0435\u043d\u043a\u043e \u0412.",
        "mark": "95",
        "notes": ""
    }
},
{
    "model": "students.rating",
    "pk": 14,
    "fields": {
        "student": 31,
        "date_time": "2017-07-11T18:00:00Z",
        "subject": "HTML",
        "teacher": "\u041f\u043e\u0434\u043e\u0431\u0430 \u0412.",
        "mark": "60",
        "notes": ""
    }
},
{
    "model": "students.rating",
    "pk": 15,
    "fields": {
        "student": 22,
        "date_time": "2017-07-11T12:00:00Z",
        "subject": "Python",
        "teacher": "\u041f\u0430\u0432\u043b\u044e\u0447\u0435\u043d\u043a\u043e \u0406.",
        "mark": "76",
        "notes": ""
    }
},
{
    "model": "students.rating",
    "pk": 16,
    "fields": {
        "student": 30,
        "date_time": "2017-07-22T18:00:00Z",
        "subject": "CSS",
        "teacher": "\u041c\u0438\u0440\u043e\u043d\u0435\u043d\u043a\u043e \u0412.",
        "mark": "100",
        "notes": ""
    }
},
{
    "model": "students.rating",
    "pk": 17,
    "fields": {
        "student": 15,
        "date_time": "2017-07-04T18:00:00Z",
        "subject": "JavaScript",
        "teacher": "\u041c\u0438\u0440\u043e\u043d\u0435\u043d\u043a\u043e \u0412.",
        "mark": "70",
        "notes": ""
    }
},
{
    "model": "students.rating",
    "pk": 18,
    "fields": {
        "student": 29,
        "date_time": "2017-07-19T12:00:00Z",
        "subject": "Python",
        "teacher": "\u041f\u0430\u0432\u043b\u044e\u0447\u0435\u043d\u043a\u043e \u0406.",
        "mark": "100",
        "notes": ""
    }
},
{
    "model": "students.rating",
    "pk": 19,
    "fields": {
        "student": 23,
        "date_time": "2017-07-11T18:00:00Z",
        "subject": "Django",
        "teacher": "\u041b\u0443\u0442\u0446 \u041c.",
        "mark": "67",
        "notes": ""
    }
},
{
    "model": "students.rating",
    "pk": 20,
    "fields": {
        "student": 33,
        "date_time": "2017-07-10T12:00:00Z",
        "subject": "SQL",
        "teacher": "\u0427\u0430\u043c\u0431\u0435\u0440\u043b\u0456\u043d \u0414.",
        "mark": "85",
        "notes": ""
    }
},
{
    "model": "students.rating",
    "pk": 21,
    "fields": {
        "student": 26,
        "date_time": "2017-07-18T18:00:00Z",
        "subject": "SQL",
        "teacher": "\u0427\u0430\u043c\u0431\u0435\u0440\u043b\u0456\u043d \u0414.",
        "mark": "60",
        "notes": ""
    }
},
{
    "model": "students.rating",
    "pk": 22,
    "fields": {
        "student": 32,
        "date_time": "2017-07-14T12:00:00Z",
        "subject": "SQL",
        "teacher": "\u0427\u0430\u043c\u0431\u0435\u0440\u043b\u0456\u043d \u0414.",
        "mark": "85",
        "notes": ""
    }
},
{
    "model": "students.rating",
    "pk": 23,
    "fields": {
        "student": 20,
        "date_time": "2017-07-24T18:00:00Z",
        "subject": "SQL",
        "teacher": "\u0427\u0430\u043c\u0431\u0435\u0440\u043b\u0456\u043d \u0414.",
        "mark": "90",
        "notes": ""
    }
},
{
    "model": "students.rating",
    "pk": 24,
    "fields": {
        "student": 32,
        "date_time": "2017-07-24T12:00:00Z",
        "subject": "Django",
        "teacher": "\u041b\u0443\u0442\u0446 \u041c.",
        "mark": "90",
        "notes": ""
    }
},
{
    "model": "students.rating",
    "pk": 25,
    "fields": {
        "student": 16,
        "date_time": "2017-07-28T12:00:00Z",
        "subject": "JavaScript",
        "teacher": "\u041c\u0438\u0440\u043e\u043d\u0435\u043d\u043a\u043e \u0412.",
        "mark": "95",
        "notes": ""
    }
},
{
    "model": "students.rating",
    "pk": 26,
    "fields": {
        "student": 24,
        "date_time": "2017-07-28T12:00:00Z",
        "subject": "Django",
        "teacher": "\u041b\u0443\u0442\u0446 \u041c.",
        "mark": "100",
        "notes": ""
    }
},
{
    "model": "students.rating",
    "pk": 27,
    "fields": {
        "student": 28,
        "date_time": "2017-07-18T12:00:00Z",
        "subject": "CSS",
        "teacher": "\u041c\u0438\u0440\u043e\u043d\u0435\u043d\u043a\u043e \u0412.",
        "mark": "90",
        "notes": ""
    }
}
]
